model,title,price,rating,reviews
pencil,Shop on eBay,$20.00,,
pencil,For Apple Pencil Stylus Pen 2nd Generation for iPad/iPad Air/iPad Pro/iPad mini,"342,857.14 VND",,
pencil,Waterproof Eyebrow Pencil Eye Brow Eyeliner Pen Brow Tint Makeup Long-Lasting,"35,476.19 VND,36,190.48 VND",,
pencil,1PCS Double-end Waterproof Eyeliner Eyebrow Pencil Pen Brush Makeup Tools -,"23,571.43 VND",,
pencil,"SAFFRON WATERPROOF EYEBROW PENCIL BLONDE DARK BROWN BLACK EYE BROW 1, 4, 6 OR 12","52,547.93 VND,269,946.17 VND",,
pencil,TicTok Eyebrow PENCIL & BRUSH - Fine Brow Definition Shaper - Waterproof Liner 5,"89,781.88 VND",,
pencil,Eyebrow Pencil 3D liquid Ink Pen waterproof 4 fork Microblading Tattoo ,"89,781.88 VND",,
pencil,Phoera Microblading Tattoo Eyebrow 3D liquid Ink Pen waterproof brow pencil UK,"89,781.88 VND,104,795.57 VND",,
pencil,Logitech Crayon Digital Pencil for iPad -Orange,"475,952.38 VND",,
pencil,1PC Eyebrow Pencil With Brush Waterproof Eyeliner Eye brow Pen 5 Colors Optional,"29,727.12 VND",,
pencil,Eyebrow Pencil Pen 3D Liquid Tattoo Brow Microblading 24Hours Durable Waterproof,"119,809.26 VND",,
pencil,Microblading Waterproof Tattoo Eyebrow Ink Pen Long Lasting Eye Pencil Fork#AU,"67,419.40 VND",,
pencil,4 Heads Microblading Makeup Eyebrow Tattoo Pen Fork Tip Eye Brow Pencil Ink Pen,"91,904.76 VND",,
pencil,For Apple Pencil 1st Generation Pen Stylus For Ipad 6th 7th 8th 9th 10th Gen,"340,476.19 VND",,
pencil,Apple Pen 1st Generation (White) for iPad/iPad Air/iPad Pro/iPad Pro - Excellent,"1,190,238.10 VND",,
pencil,Bluetooth Magnetic Pencil (2nd Generation) Stylus Pen for iPad Active Pencil Com,"319,523.81 VND",,
pencil,Microblading Tattoo Eyebrow Ink Pen Long Lasting Eye Brow Pencil 3D Fork Makeup+,"42,619.05 VND",,
pencil,Eyebrow Pencil Eye Brow Eyeliner Pen Makeup Waterproof Long-Lasting Tattoo Tint‚óÅ,"46,904.76 VND,117,619.05 VND",,
pencil,Eyebrow Pencil Waterproof Eye Brow Eyeliner Pen With Brush Makeup Cosmetic Tool,"18,544.26 VND,35,831.29 VND",,
pencil,Eyebrow PENCIL & BRUSH - Fine Brow Definition Shaper - Waterproof Liner ,"89,781.88 VND",,
pencil,Tint Eye Brow 4-TIP BROW Waterproof Long Lasting Microblading Eyebrow Pen Pencil,"42,274.64 VND",,
pencil,Eyebrow Pencil Eye Brow Eyeliner Pen With Pencil Sharpener Long |,"34,523.81 VND,36,428.57 VND",,
pencil,Waterproof Microblading Eye Brow Eyeliner Eyebrow Pencil Pen Brush Makeup Tools,"92,619.05 VND",,
pencil,Microblading Tattoo Eyebrow 3D liquid Ink Pen waterproof 4 fork pencil brow UK,"29,727.12 VND,74,768.19 VND",,
pencil,"Apple iPad 6 (6th Generation) 9.7"" Space Gray - (2018 Model) - 32GB - Wi-Fi","2,975,952.38 VND",,
pencil,Benefit Light Eyebrow Pencil Precisely My Brow Warm Light Brown - Shade3  - Mini,"239,918.79 VND",,
pencil,Waterproof Eye Brow Pen Eyeliner Eyebrow Pencil With Brush Makeup Cosmetic,"23,571.43 VND,25,952.38 VND",,
pencil,Stylus Pen Active Capacitive Pencil 2022-18 for iPad iPad Air iPad mini iPad Pro,"166,190.48 VND",,
pencil,Eyebrow PENCIL & BRUSH - Fine Brow Definition Shaper - Waterproof EyeLiner,"104,795.57 VND",,
pencil,Pencil Sharpener Metal Double Twin Hole Heavy Duty Traditional Classroom Grade ,"52,547.93 VND,5,975,448.81 VND",,
pencil,Microblading Tattoo Eyebrow Ink Pen Long Lasting Eye Brow 3D Fork Makeup Pencil,"214,047.62 VND,499,761.90 VND",,
pencil,"Waterproof Wooden Eyebrow Pencil, Waterproof Eyebrows Pencil","109,851.19 VND",,
pencil,Microblading Tattoo Eyebrow Ink Pen Long Lasting Eye Brow 3D Fork Makeup Pencil,"91,904.76 VND",,
pencil,PILOT Automac 0.5mm Black Mechanical Pencil New From JAPAN,"3,094,523.81 VND",,
pencil,iPad Pencil 2nd Generation Magnetic Wireless Charging Stylus Pen for Apple iPad,"538,991.50 VND",,
pencil,Apple Pencil 2nd Generation for Apple iPad Pro - MU8F2AM/A,"1,851,190.48 VND",,
pencil,1/4Pcs Waterproof Microblading Eyebrow Peel-off Pencil Eye Brow Makeup Cosmetics,"27,502.10 VND,103,565.00 VND",,
pencil,"Apple iPad 6th Generation MR7F2LL/A  A1893 - 32GB - Wi-Fi, 9.7in  Space Gray","3,095,000.00 VND",,
pencil,‚≠ê Authentic Apple Pencil 1st Generation MK0C2AM/A  ‚úÖ‚ù§Ô∏èÔ∏è‚úÖ‚ù§Ô∏èÔ∏è‚úÖ‚ù§Ô∏èÔ∏è,"1,428,333.33 VND",,
pencil,Waterproof Microblading Eye Brow Eyeliner Eyebrow Pencil Pen Brush Makeup Tools,"40,238.10 VND",,
pencil,For Apple Pencil Stylus for iPad Pro/Mini 6/Air 4 5 Wireless Charging Bluetooth,"428,571.43 VND",,
pencil,Waterproof Eye Brow Pen Eyeliner Eyebrow Pencil With Brush Makeup Cosmetic,"36,666.67 VND",,
pencil,"Apple iPad 6th Gen. 32GB, Wi-Fi, 9.7 in - GOLD - Bundle - Daily Deal","3,091,666.67 VND",,
pencil,Waterproof Liner Eyebrow PENCIL & BRUSH - Fine Brow Definition Shaper 5 style,"74,768.19 VND",,
pencil,Eyebrow Pencil Eye Brow Eyeliner Pen Makeup Waterproof Long-Lasting Tattoo Tint,"45,000.00 VND",,
pencil,Eyebrow Stamp Kit Shaping Eye Brow Waterproof Power Stencils Definer Makeup Set,"56,751.76 VND,221,902.33 VND",,
pencil,Pencil Cap Replacement Magnetic Protective Case Cap For Pencil Ipad Hot,"35,238.10 VND,52,619.05 VND",,
pencil,Lilyz Twist Up Waterproof Eyebrow Pencil Brow Liner Definer Brow Shape,"88,580.79 VND",,
pencil,SAFFRON WATERPROOF EYE BROW PENCIL BLONDE DARK BROWN BLACK 1 / 4 / 6 / 12 PCS,"119,809.26 VND,339,009.14 VND",,
pencil,Waterproof Eyebrow Pencil Liner Eye Brow Powder Pen Makeup Beauty Cosmetic Tool/,"28,333.33 VND",,
pencil,Universal Active Stylus Pen Pencil for Apple iPad iPhone Android Samsung Tablet,"388,854.57 VND",,
pencil,Microblading Waterproof Tattoo Eyebrow Ink Pen Long Lasting Eye Brow Pencil Fork,"84,076.67 VND,86,178.60 VND",,
pencil,Eyebrow Pencil  Microblading SPMU Outlining Marking Pen Brow Liner Peel- Off UK,"89,781.88 VND,101,792.83 VND",,
pencil,"Benefit PRECISELY, MY BROW PENCIL ultra-fine brow defining liner full size 0.08g","480,137.83 VND,600,247.33 VND",,
pencil,E.L.F Instant Lift Brow Pencil Eyebrow Brush Wand BRAND NEW & SEALED ,"149,836.64 VND",,
pencil,PHOERA Fine Eyebrow Pencil Double-end Waterproof Eyebrow Brush Pen Smudge-proof,"89,781.88 VND",,
pencil,4 Pack Tips Replacement for Apple Pencil 1st Gen 2nd Gen Pen Nibs for iPad Pro,"89,781.88 VND",,
pencil,Stylus Pen Active Capacitive Pencil 2022-18 for iPad iPad Air iPad mini iPad Pro,"166,190.48 VND",,
pencil,Microblading Tattoo Eyebrow Ink Pen Long Lasting Eye Brow Pencil 3D Fork Makeup,"59,285.71 VND",,
pencil,Eyebrow PENCIL & BRUSH - Fine Brow Definition Shaper - Waterproof Liner ,"89,781.88 VND",,
pencil,Unisex Eyebrow Tattoo Pencil Pen Liner Brown Long Lasting Eye Makeup Cosmetic  ^,"55,714.29 VND",,
pencil,Shop on eBay,$20.00,,
pencil,For Apple Pencil Stylus for iPad Pro/Mini 6/Air 4 5 Wireless Charging Bluetooth,"428,571.43 VND",,
pencil,Eyebrow PENCIL & BRUSH - Fine Brow Definition Shaper - Waterproof Liner ,"89,781.88 VND",,
pencil,Unisex Eyebrow Tattoo Pencil Pen Liner Brown Long Lasting Eye Makeup Cosmetic  ^,"55,714.29 VND",,
pencil,Waterproof Eyebrow Pencil Pen Liner Free Cutting Microblading Permanent MakeUp,"88,580.79 VND",,
pencil,"Avon True colour Glimmerstick Brow Definer,Tattoo,Brow Sculpting,various shade","149,836.64 VND,239,918.79 VND",,
pencil,Waterproof Eyebrow Pencil Twist Up Retractable Brow Liner - Black Blonde Brown,"30,027.38 VND,112,602.69 VND",4.5 out of 5 stars.,67 product ratings
pencil,Colorful Liquid Eyeliner Pencil Eye Liner Gel Pens Long Lasting Waterpoof #AU,"22,787.45 VND,52,332.55 VND",,
pencil,Shu Uemura Eyebrow Eyeliner Pencil Hard Formula 9 Full size,"532,857.14 VND",,
pencil,Colorful Liquid Eyeliner Pencil Eye Liner Gel Pens Long Lasting Waterpoof Makeup,"33,095.24 VND",,
pencil,AVON MICRO Fine Brow Retractable Stick.Pencil - Brand New with Box ALL SHADES,"134,222.40 VND,143,230.60 VND",,
pencil,Apple Pencil Stylus for Apple iPad Pro & iPad 6th Gen A1603 MK0C2AM/A 1st Gen,"1,404,523.81 VND",4.5 out of 5 stars.,1636 product ratings
pencil,Long-Lasting Eyeliner Pen Waterproof White Eyebrow Pencil Brow Pen Tattoo Tint&,"28,130.71 VND,60,033.12 VND",,
pencil,Eye Brow Tint Hard Eyebrow Pencil Permanent Tattoo Pen Microblading Marker Pen,"55,161.33 VND",,
pencil,"LAVOSSY‚Ñ¢ Beard Filler Pen - with blending brush, Beard Pencil for men","239,918.79 VND,600,247.33 VND",,
pencil,Stylus Pencil with Magnetic Wireless Charging for Apple iPad Pro/Mini 6/Air 4 5,"500,000.00 VND",,
pencil,Eyebrow PENCIL & BRUSH - Fine Brow Definition Shaper - Waterproof 2 for 1,"89,781.88 VND",,
pencil,Automatic Eyebrow Pencil VIVIENNE SABO BROW ARCADE - 7 Shades,"321,190.48 VND",,
pencil,ONE NEW Eyeliner Pencil Lasting Drama 36H Liquid Eyes Pen Eye Liner Pencil,"15,715.48 VND",,
pencil,TikTok  style Eyebrow pencil Tattoo Fork PENCIL BRUSH-Fine Brow pen makeup,"89,781.88 VND",,
pencil,Avon True Colour Glimmerstick Brow Definer Pencil Natural Look Six Shades NEW,"178,662.93 VND",,
pencil,PHOERA ULTRA SLIM EYE BROW LINER PENCIL SPOOLIE BRUSH RETRACTABLE EYEBROW MAKEUP,"103,594.48 VND,125,814.74 VND",,
pencil,"Pencil for Apple iPad, Universal Stylus for Mobile/tablet Android & Window","179,864.02 VND",,
pencil,Double-head Cream Eye Shadow Pen Eyeshadow Pencil Shimmer Eyeshadow Stick,"68,762.71 VND,98,790.10 VND",,
pencil,Maybelline Express Brow Satin Duo 2IN1 Eyebrow Pencil & Powder - Dark Blonde ,"146,833.90 VND",,
pencil,,"1,833,095.24 VND",5.0 out of 5 stars.,952 product ratings
pencil,Waterproof Eyebrow Pencil Liner Eye Brow Powder Pen Makeup Beauty Cosmetic Tool,"21,539.76 VND",,
pencil,Genuine Apple Pencil 1st Generation for iPad Pro MK0C2ZM/A üî•BRAND NEW SEALEDüî•,"2,340,634.36 VND",5.0 out of 5 stars.,653 product ratings
pencil,Maybelline Express Brow Ultra Slim Eyebrow Pencil Xpress Shade - Soft Brown NEW,"146,833.90 VND",,
pencil,Waterproof Eyebrow Pencil Eye Brow Eyeliner Pen Brow Tint Makeup Long-Lasting ,"42,380.95 VND",,
pencil,Apple Pencil Tips - 4 PIECE - NEW,"233,322.62 VND",,
pencil,Microblading Tattoo Eyebrow 3D liquid Ink Pen waterproof 4 fork pencil brow üî•‚úÖ,"65,759.95 VND,71,765.45 VND",,
pencil,Bluetooth Wireless Charging Stylus Pencil For Apple iPad Pro/Air 4 5/Mini 6,"428,571.43 VND",,
pencil,Eyebrow Pencil Waterproof Eye Brow Eyeliner Pen With Brush Makeup Cosmetic To ‚ù§,"18,544.26 VND,35,831.29 VND",,
pencil,SOAP & GLORY Archery Brow Pencil & Tint 0.2g - CHOOSE SHADE - NEW Boxed,"299,973.55 VND",,
pencil,Microblading Tattoo Eyebrow 3D liquid Ink Pen waterproof 4 fork pencil brow UK,"89,781.88 VND",,
pencil,Rimmel Brow This Way Fill & Sculpt Eyebrow Definer *Choose Your Shade*,"146,533.62 VND,149,536.36 VND",,
pencil,80'S BENSIA SCENTED POP A POINT PENCILS FRUIT PENCIL  New,"190,476.19 VND",,
pencil,Microblading Tattoo Eyebrow Ink Pen Long Lasting Eye Brow Pencil 3D Fork Makeup,"23,571.43 VND,56,666.67 VND",,
pencil,TikTok Same style Eyebrow pencil Tattoo Fork PENCIL BRUSH-Fine Brow Sharpe,"89,781.88 VND",,
pencil,Colorful Liquid Eyeliner Pencil Eye Liner Gel Pen Long Lasting Waterpoof Makeup/,"23,571.43 VND",,
pencil,TicTok Eyebrow PENCIL & BRUSH - Fine Brow Definition Shaper - Waterproof Liner 5,"71,164.90 VND",,
pencil,4-Tip Fork Microblading Eyebrow Pencil Tattoo Pen Long-Lasting Waterproof K7R2,"35,831.29 VND,35,988.45 VND",,
pencil,2PCS Eyeliner Tattoo Pen Water Liquid Waterproof 0.01MM Eyebrow Pencil Cosmetic,"104,495.29 VND",,
pencil,"1 NYX Slim Lip Pencil / Lip Liner - SPL ""Pick Your 1 Color"" *Joy's cosmetics* ","60,714.29 VND,213,095.24 VND",,
pencil,Pencil Cap Replacement Magnetic Protective Case Cap For Pencil Ipad Hot,"38,571.43 VND,54,523.81 VND",,
pencil,Stylus Pen Bluetooth Pencil For Apple iPad 9/8th/Mini/Air 4/5th/Pro 11&12.9'',"404,523.81 VND",,
pencil,Waterproof Eye Brow Black Brown Eyebrow Pen Pencil With Brush Makeup Cosmetic,"26,666.67 VND",,
pencil,IT Cosmetics Brow Power Universal Taupe Eyebrow Pencil Eye Makeup ,"299,973.55 VND",,
pencil,Retractable Waterproof Eyeliner Pencil Pen Eye Liner  20 SHADES for Choose ‚ôÆ,"31,745.26 VND,48,717.98 VND",,
pencil,"Benefit PRECISELY, MY BROW PENCIL Fine Line Eyebrow Defining Liner MEDIUM 3","480,137.83 VND",5.0 out of 5 stars.,5 product ratings
pencil,Shu Uemura Eyebrow Eyeliner Pencil Hard Formula 9 Full size,"547,380.95 VND",,
pencil,1PCS Double-end Waterproof Eyeliner Eyebrow Pencil Pen Brush Makeup Tools -,"23,571.43 VND",,
pencil,Eyebrow Pencil & Brush Fine Brow Definition Shaper Double Head Waterproof Liner ,"89,781.88 VND",,
pencil,Rimmel Soft Kohl Kajal Professional Eyeliner Pencil **Choose Your Shade**,"81,073.93 VND",,
pencil,PMU Microblading Marker Pen Eye Brow Tint Eyebrow Pencil Permanent Tattoo Pen,"92,407.00 VND",,
pencil,"Refy Brow Sculpt 8.5ml, Clear","390,055.69 VND",,
pencil,Microblading Tattoo Eyebrow 3D liquid Ink Pen waterproof 4 fork pencil brow UK,"29,727.12 VND,113,503.50 VND",,
pencil,Rimmel Exaggerate Waterproof Eyeliner Eye Definer Pencil **CHOOSE YOUR SHADE**,"88,580.79 VND",,
pencil,Microblading Tattoo Eyebrow Pen Pencil Brush waterproof Makeup pencil brow Tools,"91,283.24 VND",,
pencil,3D Microblading Tattoo Eyebrow Ink Pen Long Lasting Waterproof Fork Pencil Brow,"70,238.10 VND",,
pencil,Shop on eBay,$20.00,,
pencil,PENCIL SHARPENER METAL DOUBLE TWIN HOLE HEAVY DUTY 8mm 10mm,"49,545.17 VND,5,975,448.81 VND",,
pencil,"Office Everlasting Pencil,Eternal Inkless Unlimited Writing,Painting Sketch Pen","29,727.12 VND,58,253.12 VND",,
pencil,Eyebrow Pencil Microblading SPMU Outlining Marking Pen Brow Liner Peel- Off UK,"71,164.90 VND",,
pencil,Eyebrow Pencil Microblading SPMU Outlining Marking Pen Brow Liner Peel- Off UK,"90,082.14 VND",,
pencil,Pencil Stylus For iPad iPhone Samsung Galaxy Tablet Phone Pen Capacitive Screen,"320,000.00 VND",,
pencil,Beauty Waterproof Eyeliner Liquid Eye Liner Pen Pencil Makeup Cosmetic New,"47,380.95 VND,54,523.81 VND",,
pencil,Apple Pencil 2nd Generation - MUBF2ZM/A. BRAND NEW SEALED,"2,777,532.74 VND",5.0 out of 5 stars.,291 product ratings
pencil,12 Colors Lip Liner Pencil Set Pretty Matte Long Lasting Smooth Waterproof Women,"119,809.26 VND",,
pencil,Women Eyeliner Long-Lasting Brow Beauty Waterproof Pen Eyebrow Pencil Tint,"64,258.60 VND,64,558.86 VND",,
pencil,Waterproof Eye Brow Eyeliner Eyebrow Pen Pencil Brush Double Head Makeup Tools,"30,335.17 VND",,
pencil,Eyebrow Tattoo PENCIL & BRUSH-Stereo Fine Brow Sharpe - Waterproof Liner UK,"29,727.12 VND,80,773.67 VND",,
pencil,Lilyz Twist Up Waterproof Eyeliner Pencil Retractable Soft Kohl,"88,580.79 VND",,
pencil,For Tablet iPad Phone Samsung PC Capacitive Pen Touch Screen Stylus Smart Pencil,"101,792.83 VND",,
pencil,(8 PACK) Tips For Apple Pencil Compatible with 1st Gen 2nd Gen Pencil iPad Pro,"165,000.00 VND",,
pencil,Eyebrow Pencil Eye Brow Eyeliner Pen Makeup Waterproof Long-Lasting Tattoo Tint,"43,333.33 VND,43,571.43 VND",,
pencil,Colorful Liquid Eyeliner Pencil Eye Liner Gel Pens Long Lasting Waterpoof  ^,"42,142.86 VND",,
pencil, Rimmel Brow Pencil Brow Pro Micro Ultra Fine - Soft Brown 002 NEW with Brush,"146,833.90 VND",,
pencil,15 Colors Shimmer Eyeshadow Stick Pen Lasting Waterproof Makeup Pencil NEW,"23,571.43 VND",,
pencil,Shu Uemura Eyebrow Eyeliner Pencil Hard Formula 9 Full size,"547,380.95 VND",,
pencil,"1 NYX Fill & Fluff Eyebrow Pomade Pencil ""Pick Your 1 Color"" * Joy's cosmetics *","213,809.52 VND,261,428.57 VND",4.5 out of 5 stars.,4 product ratings
pencil,Waterproof Eyebrow Tattoo Fork Pencil & Brush - Fine Brow Shape with 5 Colors,"89,781.88 VND",,
pencil,Stylus Pen for Touch Screens Digital Pencil Fine Point For iPhone iPad Tablet H9,"50,238.10 VND,88,809.52 VND",,
pencil,Liquid Eyeliner Beauty Waterproof Eye Liner Pen Pencil Makeup Cosmetic 12colors,"46,989.29 VND",,
pencil,AVON TRUE COLOUR GLIMMERSTICK DIAMONDS EYELINER shimmer twist pencil eye liner,"90,082.14 VND,195,177.98 VND",,
pencil,Waterproof Eyebrow Black Dark Brown Light Brown Pencil with Spoolie Makeup UK‚ù§Ô∏è,"89,781.88 VND",,
pencil,"1 NYX Jumbo Eye Pencil Eyeshadow  ""Pick Your 1 Color"" *Joy's cosmetics*","107,142.86 VND,285,476.19 VND",,
pencil,Waterproof Eyebrow Pencil Liner Eye Brow Powder Pen Makeup Beauty Cosmetic Tool*,"27,380.95 VND,28,333.33 VND",,
pencil,Logitech Crayon Digital Pencil for All Apple iPads (2018 releases and later),"809,285.71 VND",,
pencil,Eyebrow PENCIL & BRUSH - Fine Brow Definition Shaper - Waterproof Liner 5 COLOUR,"89,781.88 VND",,
pencil,Waterproof Eyebrow Pencil Liner Eye Brow Powder Pen Makeup Beauty Cosmetic Tool,"20,821.79 VND",,
pencil,Metal Aluminium Double Hole Pencil Sharpener 8mm 10mm Drawing School Art,"55,550.67 VND,4,504,107.14 VND",,
pencil,Apple Pencil Tips - 4 PIECE - NEW,"233,322.62 VND",,
pencil,Professional Eyebrow Pencil with Brush Comb *DARK BROWN / HAZEL / BLACK BROWN,"89,781.88 VND,420,083.07 VND",,
pencil,Laval Eyebrow Pencil - Brows Black Blonde Brown Dark Shaping Define Colour In ,"83,776.40 VND",,
pencil,DASIQUE Mood Blur Lip Pencil 0.9g 10colors Vegan 2023 S/S K-Beauty,"380,952.38 VND",,
pencil,MAYBELLINE Brow Satin Duo Pencil & Powder - CHOOSE SHADE - NEW,"170,855.81 VND,199,381.81 VND",,
pencil,Avon Brow Sculpting Pencil - range of shades - NEW,"135,123.21 VND",,
pencil,Super Fine Eyebrow Pencil Liner Liquid Brush Pen Makeup Waterproof Long-lasting,"107,798.31 VND",,
pencil,Waterproof Ultra Thin Tip Eye Brow Eyebrow Pen Pencil With Brush Makeup Tools !!,"110,801.05 VND",,
pencil,Microblading Tattoo Eyebrow Ink Pen Long Lasting Eye Brow Pencil 3D Fork Makeup/,"40,238.10 VND,64,047.62 VND",,
pencil,Active Stylus/Pencil 1st Gen for Apple(iPad Air Pro Mini) Android & Windows Tab,"330,000.93 VND",,
pencil,Tint Eye Brow 4-TIP BROW Waterproof Long Lasting Microblading Eyebrow Pen Pencil,"57,047.19 VND",,
pencil,"1 NYX Waterproof Slide On Lip Pencil Liner ""Pick Your 1 Color""*Joy's cosmetics*","117,857.14 VND,285,476.19 VND",,
pencil,Eyebrow pencil liquid Ink makeup waterproof 4 fork pencil brow Microblading,"74,768.19 VND",,
pencil,PHOERA Waterproof Microblading Eye Brow Eyeliner Eyebrow Pencil Pen Brush~US,"79,761.90 VND",,
pencil,Maybelline Express Brow Ultra Slim Eyebrow Pencil Xpress NEW Shade - Deep Brown ,"164,850.33 VND",,
pencil,Retractable Eyeliner Pencil Soft Smooth Sweatproof Highly Pigmented Eyes Gel Pen,"41,738.07 VND",,
pencil,"Rimmel Scandaleyes Waterproof Kohl Kajal Liner Pencil, Eyeliner - *ALL SHADES*","106,597.21 VND",,
pencil,Lady Eyeshadow Pen Highlight Pencil Eye Shadow Stick Waterproof Eyeliner Beauty~,"37,857.14 VND,69,523.81 VND",,
pencil,Mechanical Pencil Clutch Leadholder 5.6mm KOH-I-NOOR VERSATIL Lead Holder 5340,"156,142.38 VND,525,479.17 VND",,
pencil,"1 NYX Slim Eye Pencil / Eyeliner - SPE ""Pick Your 1 Color""  *Joy's cosmetics*","108,333.33 VND,237,857.14 VND",3.5 out of 5 stars.,4 product ratings
pencil,MUA Makeup Brow Define Micro Precision Eyebrow Pencil & Spooly Select Your Shade,"119,809.26 VND",,
pencil,Apple Pencil Stylus Tips Authentic Brand New - MLUN2AM/A (4 Pack),"357,142.86 VND",5.0 out of 5 stars.,35 product ratings
pencil,AVON TRUE COLOUR GLIMMERSTICK BROW DEFINER Many Shades BNIB Fast FREE Shipping,"229,709.48 VND",,
pencil,Bourjois Sourcil Precision Eyebrow Brow Pencil Blonde Blond Fonce 04,"119,809.26 VND",5.0 out of 5 stars.,2 product ratings
pencil,"REFY Brow Pencil 0.06g, MEDIUM","330,000.93 VND",,
pencil,AVON MICRO Fine Brow Pencils/Brow Definer Clearance,"120,109.52 VND,780,411.62 VND",,
pencil,NEW EYELINER Pencil Waterproof Retractable Twister Makeup Black Eye Liner Twist,"23,101.76 VND",,
pencil,MENOW Waterproof Long Lasting Eye Makeup Eyebrow Pencil with Comb Cosmetic,"40,238.10 VND",,
pencil,Waterproof Automatic Rotation Double Head Eyebrow Pencil Pen Brush Makeup Tool,"25,476.19 VND",,
pencil,Shop on eBay,$20.00,,
pencil,Waterproof Liner Eyebrow PENCIL & BRUSH - Fine Brow Definition Shaper 5 colour,"74,768.19 VND",,
pencil,New Everlasting Pencil Inkless Eternal Pen Student Unlimited Writing Reusable US,"24,761.90 VND,44,047.62 VND",,
pencil,Pencil Touch Screen Pen Capacitive Pen For Tablet iPad Cell Phone Samsung PC,"26,716.31 VND,52,961.17 VND",,
pencil,Makeup Brow Pencil Stylist Waterproof Brow Pencil Ultra Fine Mechanical Pencil,"23,571.43 VND",,
pencil,NEW EYELINER Pencil Waterproof Retractable Twister Makeup Black Eye Liner Twist,"23,101.76 VND",,
pencil,"2021 Apple iPad 9th Gen 64/256GB WiFi 10.2""","7,119,047.62 VND,11,309,523.81 VND",5.0 out of 5 stars.,25 product ratings
pencil,L'OREAL Paris Brow Artist Eyebrow Pencil - CHOOSE SHADE - NEW ,"238,717.69 VND",,
pencil,1PC Rotating Eyebrow Pencil With Brush Waterproof Long Lasting Eyeliner 5 Colors,"29,727.12 VND",,
pencil,L'OREAL Brow Artist Designer Brow Pencil & Brush 302 Chatain Claire - NEW CARDED,"113,803.79 VND",,
pencil,Rimmel Lasting Finish 1000 Kisses Lip Liner Pencil Contour *CHOOSE YOUR SHADE*,"76,569.81 VND,92,484.33 VND",,
pencil,VERONA PRO SERIES HENNA CREAM FOR EYEBROWS BLACK BROWN,"50,746.29 VND",5.0 out of 5 stars.,55 product ratings
pencil,"HB PENCILS BOXED, TRADITIONAL SCHOOL PENCIL STRONG +FREE METAL SHARPENERS","38,735.33 VND,190,673.86 VND",,
pencil,Maybelline Express Brow Ultra Slim Eyebrow Pencil Xpress - Blonde - NEW Sealed,"137,825.69 VND",,
pencil,Professional Waterproof Eyebrow Pencil Brow Liner Definer Black Brown Dark Brown,"32,729.86 VND",,
pencil,Flormar Eye Brow Pencil Natural Look *Choose Color*,"194,877.71 VND",,
pencil,Eyebrow PENCIL & BRUSH - Fine Brow Definition Shaper - Waterproof Liner ,"53,749.02 VND,56,751.76 VND",,
pencil,2√ó Waterproof Beard Pencil Filler Hair Grower Long Last Moustache Eyebrow Brush,"179,761.90 VND,256,904.76 VND",,
pencil,KIKO Milano Eyebrow Sculpt Automatic Pencil For Sculpted Brows - Free Postage,"390,355.95 VND,426,388.81 VND",,
pencil,Avon Dual Ended Brow Pencil With Brush Long Lasting Four Shades NEW NO BOX,"75,068.45 VND,130,619.12 VND",,
pencil,"AVON ULTRA PRECISION SELF SHARPENING BROW PENCIL -CHOOSE YOUR SHADE, NEW & BOXED","179,864.02 VND",,
pencil,1x NONSLIP TIP APPLE IPAD STYLUS PENCIL PEN TIP REPLACEMENT + nib protector ,"71,765.45 VND",,
pencil,MacFee Eyeliner Waterproof Liquid Eye Liner Pencil pen Professional Makeup ,"114,704.60 VND",,
pencil,Microblading Tattoo Eyebrow 3D liquid Ink Pen waterproof 4 fork pencil brow,"104,795.57 VND",,
pencil,Waterproof Double-ended Eye Brow Pencil Eyeliner Eyebrow Pen Pencil,"40,238.10 VND,42,857.14 VND",,
pencil,ColourPop Lippie Pencil Lip Liner *100% GENUINE* Brand New No Box,"118,608.17 VND,238,717.69 VND",,
pencil,Helix Desktop Rotary Pencil Sharpener Metal Heavy Duty Body & Desk Clamp,"330,000.93 VND,366,033.79 VND",,
pencil,Liquid Eye Shadow Pencil Waterproof Glitter Eyeshadow Pen Highlighter Eyeliner,"76,569.81 VND,79,572.57 VND",,
pencil,Chinagraph PENCIL China Marker Crayon KOH-I-NOOR Write On Gloss Glass Metal,"132,120.48 VND,258,235.48 VND",,
pencil,women Beauty Smooth Lasting Black Eyeliner Pencil Makeup tool Waterproof,"26,402.00 VND",,
pencil,Tattoo Pen Brow Tint Eyebrow Pencil Brow Enhancer Eye Makeup Natural Waterpro #,"42,274.64 VND",,
pencil,Waterproof Microblading Eye Brow Eyeliner Eyebrow Pen Pencil Brush Makeup Tool.,"35,476.19 VND",,
pencil,Pencil Sharpener Metal Aluminium Single Hole Drawing School Art Qty 1 - 1200,"55,550.67 VND,6,756,160.71 VND",,
pencil,Maybelline Brow Satin Duo Pencil + Filling Powder,"179,864.02 VND,188,872.24 VND",,
pencil,Microblading Eye Brow Eyeliner Eyebrow Pen Pencil Brush Makeup C9P4,"26,190.48 VND,28,095.24 VND",,
pencil,Matte Liquid Lipstick Lip Gloss+Lip Liner Pencil Kit Set Long Lasting Non-stick,"95,787.36 VND,101,792.83 VND",,
pencil,Apple Pencil 2nd Generation - MUBF2ZM/A üî•BRAND NEW SEALED + FAST & FREEüî•,"2,971,209.36 VND",5.0 out of 5 stars.,291 product ratings
pencil,Double-head Cream Eye Shadow Pen Eyeshadow Pencil Shimmer Eyeshadow Stick //,"57,990.12 VND",,
pencil,Eyebrow Microblading Pen Waterproof 3D Tattoo Liquid Ink 4 Fork Brow Pencil,"113,803.79 VND",,
pencil,DAVIS Liquid Eyeliner Pencil Eye Liner Gel Pens Long Lasting Waterpoof Makeup,"58,553.40 VND,85,578.05 VND",,
pencil,Black/Brown Liquid Eyeliner Pencil Long Lasting Waterproof Eye Liner Pen Makeup,"39,523.81 VND",,
pencil,Waterproof Eyebrow Pencil Eye Eyeliner Pen With Pencil Sharpe S9P6,"36,302.76 VND,38,817.24 VND",,
pencil,5 Colors Eyebrow Cosmetics Pencil Waterproof Double Head Eye Brow Tattoo Pen AU,"31,273.81 VND",,
pencil,1 x IHA ALUM PENCIL STICK STYPTIC PEN ASTRINGENT CUT NICK BLOOD STOP AFTER SHAVE,"78,420.24 VND",,
pencil,"Lilyz Eyebrow Pencil, Waterproof Retractable Twist Up, Eye Brow Liner - Vegan","97,589.00 VND",,
pencil,DNM Colorful Liquid Eyeliner Eye Liner Pen Long Lasting Eyes Makeup Waterproof,"59,454.21 VND,103,594.48 VND",,
pencil,"Derwent ""Watercolour"" Premium Coloured Pencil Singles - Choose From 72 Colours","55,789.95 VND",,
pencil,"Maybelline Brow Ultra Slim 1.5mm Defining Pencil, You Choose","237,857.14 VND",5.0 out of 5 stars.,2 product ratings
pencil,"TRACER Deep Hole Carpenters Pencil, Refill Graphite/Coloured Leads,Or Marker Pen","112,602.69 VND,659,101.00 VND",,
pencil,Stylus Pen For Samsung Galaxy Note10 Plus 10 Lite SPen Pencil BEST,"75,238.10 VND,75,476.19 VND",,
pencil,Colorful Liquid Eyeliner Pencil Eye Liner Gel Pens Long Lasting Waterpoof Makeup,"23,571.43 VND,52,142.86 VND",,
pencil,3D Microblading Tattoo Eyebrow Ink Pen Long Lasting Waterproof Fork Pencil Brow,"66,904.76 VND",,
pencil,New Waterproof Felt Tip Pen Precision Liquid Black Eye Liner Pencil MakeUp UK  ,"29,727.12 VND",,
pencil,Pencil Cap Replacement Magnetic Protective Case Cap For Pencil Ipad -NEW,"39,445.83 VND,52,332.55 VND",,
pencil,1 Set Waterproof Lip Liner Lipstick Long Lasting Matte Lipliner Pencil Pen 6Pcs,"67,105.07 VND",,
pencil,Maybelline Tattoo Brow Micro Pen Tint Eyebrow Eyes Medium Brown 120,"151,638.29 VND",3.0 out of 5 stars.,22 product ratings
pencil,Eye Lip PENCIL Eyeliner Pen Waterproof Long Lasting Eye Liner Brighten Eyebrow,"78,371.45 VND",,
pencil,0.01MM Ultra Thin Head Tattoo Liquid Eyebrow Pencil Fine EyeLiner Pen,"124,913.90 VND",,
pencil,Clutch Pencil Graphite Lead 5.6mm Refill Charcoal Chalk KOH-I-NOOR Gioconda,"207,188.93 VND,306,279.29 VND",,
pencil,Waterproof Cosmetic Tool Makeup Eye Brow Pen Eyebrow Liner Pencil With Brush,"33,631.12 VND",,
pencil,1st Generation Stylus Pencil for Apple iPad iPhone and other Cell Phones Tablets,"271,428.57 VND",,
pencil,Shop on eBay,$20.00,,
pencil,1st Generation Stylus Pencil for Apple iPad iPhone and other Cell Phones Tablets,"271,428.57 VND",,
pencil,Beauty Waterproof Eyeliner Liquid Eye Liner Pen Pencil Makeup Cosmetic,"60,355.02 VND,76,569.81 VND",,
pencil,Waterproof Eyebrow Pencil Eye Brow Eyeliner Pen With Brush Makeup Cosmetic Tool,"49,032.29 VND",,
pencil,Capacitive Pen Screen Stylus Pencil For Tablet iPad Phone PC D1F6,"25,952.38 VND,27,857.14 VND",,
pencil,Maybelline Tattoo Brow Micro Pen Tint Eyebrow Eyes Medium Brown 120,"151,638.29 VND",3.0 out of 5 stars.,22 product ratings
pencil,Eye Lip PENCIL Eyeliner Pen Waterproof Long Lasting Eye Liner Brighten Eyebrow,"78,371.45 VND",,
pencil,"VOID Homme Beard Filler Pencil for Men - Beard Pen, Beard Filler for Full Beards","299,973.55 VND",,
pencil,WOMENS PLAIN BODYCON STRETCH SHORT MINI OFFICE PENCIL LADIES SKIRT SIZE 8-22,"209,891.40 VND",,
pencil,BRAND NEW Merle Norman Lip Pencil Plus Makeup CHOOSE COLOR FAST SHIPPING,"617,857.14 VND",,
pencil,Black Metal 2.0 Mechanical Pencil Set With Case Drafting Lead Holder Adult NEW,"398,333.33 VND",,
pencil,NYX PROFESSIONAL MAKEUP Slim Lip Pencil Long-Lasting Creamy Lip Liner Pencil,"178,333.33 VND",,
pencil,Essence Longlasting Eye Pencil 18h Waterproof Retractable Twist Up Eyeliner,"134,822.95 VND",,
pencil,Curtain Heading Header Tape Pencil Pleat 3 inch or 1 inch Wide 1m to 10m Long ,"29,727.12 VND,232,712.21 VND",,
pencil,Waterproof Ultra Thin Tip Eye Brow Eyebrow Pen Pencil W/ Brush Makeup Tool UK,"88,280.50 VND",,
pencil,Eyeliner Pen Eyebrow Pencil Brow Definer Cosmetic Makeup Set Lasting Eyeliner,"39,445.83 VND,110,479.81 VND",,
pencil,Automatic Waterproof Long-Lasting Eyebrow Pencil Liner Eye Brow Powder Pen New,"59,754.48 VND,71,765.45 VND",,
pencil,Makeup 6/12Pack Eyebrow Pencil Davis Eye&Lip Liner colour 003 & 018 & 01,"180,164.29 VND,360,328.57 VND",,
pencil,Beauty Waterproof Eyeliner Liquid Eye Liner Pen Pencil Makeup Cosmetic 6 colors,"96,387.90 VND",,
pencil,Waterproof Eyeliner Liquid Eye Liner Pen Pencil Makeup Beauty Cosmetic,"49,523.81 VND",,
pencil,Microblading Tattoo Eyebrow pencil liquid Ink waterproof 4 fork pencil brow ,"89,781.88 VND",,
pencil,Pair Ready Made Thick Thermal Blackout Curtains Eyelet Ring Top or Pencil Pleat,"360,028.31 VND,1,200,794.98 VND",,
pencil,New 14 PCS Pack of Professional Lipliner Waterproof Lip Liner Pencil 15CM SN,"55,004.17 VND,140,653.52 VND",,
pencil,New Waterproof Ultra Thin Tip Eye Brow Eyebrow Pen Pencil With Brush Makeup Tool,"105,396.12 VND",,
pencil,"W7 Lip Liner Pencil, Twister Soft Retractable Crayon Brown Nude Pink Red Neutral","58,553.40 VND,100,591.74 VND",,
pencil,Maybelline Tattoo Brow Semi Permanent 36H Eyebrow Pencil Shade 03 Soft Brown ,"143,831.17 VND",,
pencil,MUA Aurban Brow Define Micro Eyebrow Pencil Liner Definition Spooly Brush Vegan,"59,754.48 VND",,
pencil,S Pen Stylus Pen For Samsung Galaxy Note10 Plus 10 Lite SPen Pencil NICE BEST,"75,238.10 VND,79,523.81 VND",,
pencil,7 Colours Double Head Liquid Eyeliner Pen Winged Eye Liner Pencil Stamp Makeup,"57,990.12 VND",,
pencil,Beauty Colorful Waterproof Eyeliner Liquid Eye Liner Pen Pencil Makeup Cosmetic~,"42,619.05 VND",,
pencil,Waterproof Eye Brow Eyeliner Eyebrow Pen Pencil Brow Tattoo Tint Brush Makeup Œº,"63,809.52 VND",,
pencil,Microblading Tattoo Eyebrow 3D liquid Ink Pen Waterproof 4 Fork Pencil Brow AU,"43,846.19 VND,59,561.67 VND",,
pencil,Waterproof Microblading Eye Brow Eyeliner Eyebrow Pen Pencil Brush Makeup Tools^,"47,380.95 VND",,
pencil,Black Winged wing Eyeliner Stamp Waterproof Eye Liner Pencil Liquid,"86,779.14 VND",,
pencil,NYX Precision Brow Pencil - 100% Genuine BRAND NEW Sealed - choose shade,"224,905.10 VND",,
pencil,7pc Waterproof Eyeshadow Shimmer Stick Eyeliner Pen Lasting Effect Makeup Pencil,"209,891.40 VND",,
pencil,"Eyeliner Pencil Heykomi Non-Smudging,Heykomi Makeup,Waterproof And Long-Lasting","95,000.00 VND,142,619.05 VND",,
pencil,Womens Stretch Denim Skirt Ladies Cotton Knee Length Pencil Jeans Skirt 10-22,"600,247.33 VND",,
pencil,VINTAGE PENTEL 0.3mm P203 MECHANICAL PENCIL BROWN BARREL Pack of 12 chrome trim,"1,190,238.10 VND",,
pencil,Silicone Sleeve For Apple Pencil 1/2 Gen Protective Case Soft Cover Grip Holder^,"34,761.90 VND",,
pencil,Black 3D Eyebrow Liquid Ink Pen Microblading Tattoo Pencil Brow Waterproof Fork‚ù§,"84,076.67 VND",4.0 out of 5 stars.,22 product ratings
pencil,15 HB Pencils - Pencil With Eraser Rubber Tip School Stationery Kids Learning,"44,740.79 VND",,
pencil,Eye Shadow Stick Highlight Pencil Waterproof Matte Pearlescent Eyeshadow Pen‚ô°,"70,952.38 VND",,
pencil,2 Pencil Sharpener UK SELLER SALE High Quality School Stationery Drawing NEW ,"56,451.48 VND",,
pencil,12 Colors Lip Liner 36H Pencil Set Matte Long Lasting Smooth Waterproof Women,"110,801.05 VND",,
pencil,Plastic Pencil Sharpener Kids Single Hole For School Home Office Free Delivery,"43,539.71 VND,2,400,689.12 VND",,
pencil,Eyebrow Pencil Eye Brow Eyeliner Pen With Pencil Sharpener Long O8W0,"34,761.90 VND,38,095.24 VND",,
pencil,Lip Liner Pencil 12Pcs  Professional Matte Waterproof Lip Long lasting Easy Use,"119,809.26 VND",,
pencil,Plastic Plant Labels Pot Tags Garden Marker T Shape & Straight Labels & Pencil,"29,727.12 VND,3,261,874.38 VND",,
pencil,ESSENCE Eyeliner & Kajal Long Lasting Eye Pencil 18 Hour Hold Waterproof,"137,825.69 VND,148,635.55 VND",,
pencil,MultiColors Eyeliner Matte Long Lasting Eye Liner Pen Eye Makeup Shadow Eyeliner,"35,988.45 VND,75,277.14 VND",,
pencil,Pencil Stylus For Apple iPad / iPhone / Samsung Galaxy Tablet / Tablet / Phone,"320,000.00 VND",,
pencil,Microblading Waterproof Tint My Brow 4Tip Long Lasting Eyebrow Tattoo Pen Pencil,"104,826.88 VND",,
pencil,Lipstick Pen Waterproof Pencil Long Lasting Highly Pigmented Matte Non Stick Lip,"23,416.07 VND",,
pencil,Four Prong Beard Filler Pencil Waterproof Moustache Shaping Coloring Pen,"95,787.36 VND",,
pencil,"2022 Apple iPad 10th Gen 64/256GB WiFi 10.9"" latest model","10,928,571.43 VND,15,214,285.71 VND",5.0 out of 5 stars.,2 product ratings
pencil,NYX Eyebrow Powder Pencil and Brush,"179,864.02 VND",,
pencil,Colorful Eyeliner Pencil Liquid Eye Liner Brow Pen Glitter Waterproof Makeup,"35,359.83 VND",,
pencil,Office Stationary Painting Supplies Pencil,"48,095.24 VND",,
pencil,4 Heads Microblading Makeup Eyebrow Tattoo Pen Fork Tip Eye Brow Pencil Ink Pen*,"44,761.90 VND",,
pencil,Waterproof Microblading Eye Brow Eyeliner Eyebrow Pen Pencil Brush Makeup Tools,"32,142.86 VND",,
