model,title,price,rating,reviews,availability
chair,"Amazon Basics Classic Puresoft PU Padded Mid-Back Office Computer Desk Chair with Armrest - Brown, 25.75""D x 24.25""W x 42.25""H",$89.71,4.2 out of 5 stars,"30,263 ratings",In Stock
chair,"BestOffice Gaming Cheap Desk Task PU Leather Executive Lumbar Support Headrest Swivel Rolling Home Computer Stool for Women,Men, 27.2""D x 24.5""W x 51.2""H, White",$79.98,4.4 out of 5 stars,"19,161 ratings",In Stock
chair,"Desk Chair, Ergonomic Mesh Office Chair High Back Computer Chair with Adjustable Headrest,Lumbar Support, Tilt Function,Swivel Rolling, Soft PU Armrest Task Chair Home Office Desk Chairs, Grey",$75.59,4.4 out of 5 stars,"2,379 ratings",In Stock
chair,"Office Chair Desk Chairs Mesh Computer Desk Chair with Wheels Ergonomic Office Chair Height Adjustable Swivel Task Chair with Mid Back, 90° Flip-up Arms and Lumbar Support, Grey",$49.00,4.4 out of 5 stars,369 ratings,In Stock
chair,"Urban Shop Faux Fur Saucer Chair, One Size, Black",$30.00,4.4 out of 5 stars,"13,114 ratings",In Stock
chair,"SMUG Home Office Mesh Desk Ergonomic Computer Flip Up Armrests Mid Back Lumbar Support Adjustable Swivel Task Chair, Black, 19D x 20W x 36H",$85.21,4.4 out of 5 stars,948 ratings,In Stock
chair,"Amazon Basics Classic Puresoft PU Padded Mid-Back Office Computer Desk Chair with Armrest - Cream, 26""D x 23.75""W x 42""H",$89.71,4.2 out of 5 stars,"30,263 ratings",In Stock
chair,"Amazon Basics Mesh, Mid-Back, Adjustable, Swivel Office Desk Chair with Armrests, Black",$103.12,4.4 out of 5 stars,"15,957 ratings",In Stock
chair,"Amazon Brand – Rivet Sheena Glam Tufted Velvet Shell Chair, 23.5'W, Rose",$179.52,4.5 out of 5 stars,636 ratings,In Stock
chair,"Amazon Basics Low-Back, Upholstered Mesh, Adjustable, Swivel Computer Office Desk Chair, Black, 18.7""D x 17.7""W x 38.2""H",$48.29,4.5 out of 5 stars,"19,762 ratings",In Stock
chair,"Amazon Basics Hexagon Saucer Shaped Chair with Foldable Metal Frame, Tan, 33.5""D x 31.5""W x 34.3""H",$64.82,4.2 out of 5 stars,227 ratings,In Stock
chair,"Amazon Basics Classic Puresoft PU Padded Mid-Back Office Computer Desk Chair with Armrest, 26""D x 23.75""W x 42""H, Black",$89.71,4.2 out of 5 stars,"30,263 ratings",In Stock
chair,"AmazonCommercial Ergonomic High-Back Bonded Leather Executive Chair with Flip-Up Arms and Lumbar Support, Brown",$178.19,4.3 out of 5 stars,"3,522 ratings",In Stock
chair,"AmazonCommercial Ergonomic Executive Office Desk Chair with Flip-up Armrests and Adjustable Height, Tilt and Lumbar Support, Cream Bonded Leather, 29.5""D x 28""W x 43""H",$272.64,4.3 out of 5 stars,"2,843 ratings",In Stock
chair,"Office Chair, Desk Chair Home Office Chair Mesh Computer Chair Ergonomic Office Chair with Lumbar Support Armrests, Mid Back Task Chair Adjustable Swivel Rolling Chair for Home Office, Living Room",$49.00,4.2 out of 5 stars,346 ratings,In Stock
chair,"Amazon Basics Classic Puresoft PU Padded Mid-Back Office Computer Desk Chair with Armrest - Cream, 26""D x 23.75""W x 42""H",$89.71,4.2 out of 5 stars,"30,263 ratings",In Stock
chair,"edx Home Office Desk Chair, Vanity Chair, Modern Adjustable Low Back Rolling Chair, Twill Upholstered Cute Office Chair, Desk Chairs with Wheels for Bedroom, Classroom, Vanity Room (Silver)",$64.99,4.5 out of 5 stars,"1,911 ratings",In Stock
chair,"Ergonomic Home Office Desk Chair, Adjustable Armless Computer Chair with Lumbar Support, Small Mesh Task Chair with Backrest Swivel Rolling for Study, Office, Conference Room Black",$30.60,4.2 out of 5 stars,992 ratings,In Stock
chair,"Amazon Basics High-Back Executive Swivel Office Desk Chair with Ribbed Puresoft Upholstery, Lumbar Support, Modern Style, 23.9""D x 24.69""W x 41.5""H, Brick Red",$170.30,4.4 out of 5 stars,"2,110 ratings",In Stock
chair,"Home Office Chair Ergonomic Desk Chair Mesh Computer Chair Swivel Rolling Executive Task Chair with Lumbar Support Arms Mid Back Adjustable Chair for Men Adults, Black",$70.99,4.1 out of 5 stars,"2,883 ratings",Available to ship in 1-2 days
chair,"YSSOA Gaming Office High Back Computer Ergonomic Adjustable Swivel Chair with Headrest, Black/White Without footrest",$91.94,3.8 out of 5 stars,"1,040 ratings",Currently unavailable.
chair,"CangLong Faux Leather Side Upholstered Arm Dinging Chair with Wood Legs Set of 1,Black",$51.25,4.3 out of 5 stars,34 ratings,In Stock
chair,"Armless Mesh Office Chair, Ergonomic Computer Desk Chair, No Armrest Small Mid Back Executive Task Chair with Lumbar Support and Swivel Rolling for Small Spaces, Black",$37.68,4.2 out of 5 stars,147 ratings,In Stock
chair,"Amazon Basics Low-Back, Upholstered Mesh, Adjustable, Swivel Computer Office Desk Chair, Black, 18.7""D x 17.7""W x 38.2""H",$48.29,4.5 out of 5 stars,"19,762 ratings",In Stock
chair,"Amazon Basics Padded Office Desk Chair with Armrests, Adjustable Height/Tilt, 360-Degree Swivel, 275Lb Capacity, 24.2""D x 24""W x 34.8""H, Black",$94.83,4.3 out of 5 stars,"28,832 ratings",In Stock
chair,"Pearington Recliner Chair with Ottoman, Leather, Espresso",$276.99,4.2 out of 5 stars,53 ratings,In Stock
chair,"HomePop Parsons Classic Upholstered Accent Dining Chair, Single Pack, Light Grey",$91.79,4.4 out of 5 stars,321 ratings,In Stock
chair,"NicBex Retro Bar Stools Crazy-Horse Leather with Metal Legs Barstools, Lounge Kitchen Island Bar Stools, Set of 2, (White Color) (A-GE17024-USSU014)",$139.99,4.2 out of 5 stars,83 ratings,In Stock
chair,"Home Office Chair Mid Back Mesh Desk Chair Armless Computer Chair Ergonomic Task Rolling Swivel Chair Back Support Adjustable Modern Chair with Lumbar Support,Black",$39.99,4.4 out of 5 stars,"4,404 ratings",In Stock
chair,"Office Chair, Ergonomic Mesh Home Office Computer Chair with Lumbar Support/Adjustable Headrest/Armrest and Wheels/Mesh High Back/Swivel Rolling (Black)",$61.80,4.3 out of 5 stars,"1,773 ratings",In Stock
chair,"Amazon Basics Mesh, Mid-Back, Adjustable, Swivel Office Desk Chair with Armrests, Black",$103.12,4.4 out of 5 stars,"15,957 ratings",In Stock
chair,"Gaming Chair, Backrest and Seat Height Adjustable Swivel Recliner Racing Office Computer Ergonomic Video Game Chair with Footrest and Lumbar Support, Red/Black",$114.99,3.7 out of 5 stars,"1,999 ratings",In Stock
chair,Flash Furniture Elon Series White Plastic Chair with Wooden Legs,$58.98,4.6 out of 5 stars,"2,621 ratings",Available to ship in 1-2 days
chair,"VECELO Mid-Back Swivel Ergonomic Office Chair with Adjustable Arms Mesh Lumbar Support for Computer Task Work, Gray",$68.26,5.0 out of 5 stars,1 rating,Available to ship in 1-2 days
chair,"HomePop Velvet Swoop Arm Accent Chair, Suri Blue",$192.49,4.4 out of 5 stars,"2,742 ratings",Only 3 left in stock (more on the way)
chair,"Simple Deluxe Office Computer Ergonomic Video Game, Red Chair, Without footrest, Pink/White",$105.99,3.7 out of 5 stars,400 ratings,In Stock
chair,"Office Chair Mid Back Computer Chair Ergonomic Mesh Computer Desk Chair with Lumbar Support Armrest, Executive Height Adjustable Swivel Task Chair for Women Adults",$59.99,4.4 out of 5 stars,"1,013 ratings",In Stock
chair,"Home Office Chair Mid Back Mesh Desk Chair Armless Computer Chair Ergonomic Task Rolling Swivel Chair Back Support Adjustable Modern Chair with Lumbar Support,Black",$39.99,4.4 out of 5 stars,"4,404 ratings",In Stock
chair,"AmazonCommercial Ergonomic High-Back Bonded Leather Executive Chair with Flip-Up Arms and Lumbar Support, Black",$178.19,4.3 out of 5 stars,"3,522 ratings",In Stock
chair,"Amazon Basics Classic Faux Leather Office Desk Guest Chair with Metal Frame, Black, 27.4D x 23.6W x 35.8H in",$99.73,4.5 out of 5 stars,"4,403 ratings",In Stock
chair,"Gaming Chair Ergonomic Office Chair, Padded High Back Computer Desk Chair with Flip-up Armrests, PU Leather Executive Office Chair Swivel Rolling Chair for Adults Teens, Height Adjustable, Tilt & Lock",$116.99,4.3 out of 5 stars,131 ratings,In Stock
chair,"CangLong Modern Mid-Century Shell Lounge Plastic DSW Natural Wooden Legs for Kitchen, Dining, Bedroom, Living Room Side Chairs, Set of 1, Grey",$69.00,4.2 out of 5 stars,"2,415 ratings",In Stock
chair,"SMUG Home Office Desk Chair, Office Chairs Desk Chair Rolling Task Chair Computer Chair Adjustable with Wheels Armless for Bedroom, Vanity Chair for Makeup Room, Living Room Blue",$107.54,4.6 out of 5 stars,90 ratings,In Stock
chair,"CangLong Natural Wood Legs Mid Century Modern DSW Molded Shell Lounge Plastic Arm Chair for Living, Bedroom, Kitchen, Dining, Waiting Room, Set of 1, White",$49.65,4.3 out of 5 stars,393 ratings,In Stock
chair,"SONGMICS Leisure Chair with Solid Wood Armrest and Feet, Mid-Century Modern Accent Sofa, for Living Room Bedroom Studio, Light Gray",$119.99,4.3 out of 5 stars,504 ratings,In Stock
chair,"Office Chair Desk Chair Computer Chair Ergonomic Executive Swivel Rolling Chair with Lumbar Support Arms Adjustable Task Chair for Women Adults, Grey",$42.98,4.3 out of 5 stars,"51,073 ratings",In Stock
chair,"Lucky Theory Humble Crew Lightweight Desk Chair, Black 19D x 16W x 30H in",$39.99,3.4 out of 5 stars,"1,136 ratings",In Stock
chair,"Caribbean Joe Folding Beach Chair, 1 Position Lightweight and Portable Foldable Outdoor Camping Chair, Teal",$22.96,3.6 out of 5 stars,11 ratings,In Stock
chair,neo chair DBS-H High Back Mesh Headrest Adjustable Height and Ergonomic Design Home Office Computer Desk Executive Lumbar Support Padded Flip-up Armrest Swivel Chair (Grey),$98.62,4.1 out of 5 stars,174 ratings,Only 10 left in stock - order soon
chair,"BestOffice Gaming Cheap Desk Task PU Leather Executive Lumbar Support Headrest Swivel Rolling Home Computer Stool for Women,Men, 27.2""D x 24.5""W x 51.2""H, White",$79.98,4.4 out of 5 stars,"19,161 ratings",In Stock
chair,"Delta Children MySize Kids Wood Table and Chair Set (2 Chairs Included) - Ideal for Arts & Crafts, Snack Time, & More - Greenguard Gold Certified, Bianca White, 3 Piece Set",$43.19,4.5 out of 5 stars,"1,903 ratings",In Stock
chair,"Baby Relax DA7501G Hunter 3 Piece Kiddy Table and Chair Set, Gray",$39.00,4.5 out of 5 stars,"7,011 ratings",In Stock
chair,"Armless Small Home Office Desk Chair, Ergonomic Low Back Computer Chair, Adjustable Rolling Swivel Task Chair with Lumbar Support for Small Space, 1 Pack, Orange",$39.99,4.5 out of 5 stars,844 ratings,In Stock
chair,"Urban Shop Velvet Tufted Sling Chair, White 26D x 28W x 29H in",$64.76,4.5 out of 5 stars,6 ratings,Only 12 left in stock (more on the way)
chair,"Ergonomic Office Chair, Reclining High Back Mesh Chair, Computer Desk Chair, Swivel Rolling Home Task Chair with Lumbar Support Pillow, Adjustable Headrest, Retractable Footrest and Padded Armrests",$113.39,4.3 out of 5 stars,777 ratings,In Stock
chair,SMUG Ergonomic Home Computer Lumbar Support Mesh Adjustable Headrest Armrest and Wheels Swivel Rolling (Grey) Office Chair,$89.99,4.2 out of 5 stars,54 ratings,In Stock
chair,The Crew Furniture 51206 Classic Video Rocker Black/Red Mesh Racing Stripe,$42.00,4.5 out of 5 stars,"1,975 ratings",In Stock
chair,Flash Furniture Hercules Series Plastic Folding Chair - White - 650LB Weight Capacity Comfortable Event Chair - Lightweight Folding Chair,$30.81,4.7 out of 5 stars,"7,861 ratings",In Stock
chair,"Office Chair - Desk Chair with Wheels, Ergonomic Home Office Chair with Flip-up Arms and Lumbar Support, Mesh Swivel Rolling Chair Height Adjustable, Tilt and Lock, Computer Desk Chair, Grey",$60.93,4.1 out of 5 stars,136 ratings,In Stock
chair,"Idea Nuova Cocomelon Blue Round Bean Bag Chair for Kids, Ages 3+, Large",$24.88,4.3 out of 5 stars,203 ratings,Available to ship in 1-2 days
chair,"Ostrich On Your Back Chair, blue",$59.88,4.1 out of 5 stars,"1,615 ratings",In Stock
chair,"Jakks Pacific Minnie Camp Chair for Kids, Portable Camping Fold N Go Chair with Carry Bag, Minnie - Bows",$19.99,4.6 out of 5 stars,"2,112 ratings",In Stock
chair,Minnie Mouse Kids Camp Chair Foldable Chair with Carry Bag,$24.44,4.6 out of 5 stars,912 ratings,In Stock
chair,"InfiniPower Task Ergonomic Mesh Computer Wheels and Arms and Lumbar Support Study Chair for Students Teens Men Women for Dorm Home Office, Pink",$59.99,3.7 out of 5 stars,19 ratings,Only 15 left in stock - order soon
chair,"Ergonomic Home Office Chair – Rolling Desk Chair with Lumbar Support and Armrest, Height Adjustable Breathable Mesh Chair, Mid Back Executive Task Chair with Padded Seat and Tilt Function",$69.99,4.3 out of 5 stars,108 ratings,In Stock
chair,"Home Office Desk Chair Ergonomic Computer Chair Modern Height Adjustable Swivel Chair Mesh Chair with Fixed Armrests/Lumbar Support, Pink",$52.18,4.1 out of 5 stars,338 ratings,In Stock
chair,"Baby Relax Hunter 3-Piece Kiddy Table & Chair, Blue/White Table Set",$36.69,4.5 out of 5 stars,583 ratings,In Stock
chair,"Redmon Beach Baby Umbrella Chair, Blue 10.5D x 15W x 37H Inch",$29.98,4.3 out of 5 stars,300 ratings,In Stock
